"semantic_type_id","variant_id","node_label","version_added","version_deprecated","superseded_by","change_note","examples","match_kind","data_type","semantic_family","semantic_type","format_label","data_format","raw_to_stable_transform","stable_format","stable_import_rule","data_format_default_type","data_format_default_family","dd_data_unit","short_desc","detail","validation","default_storage","implemented"
"n0001","n0001-f01","NUM-QUA-n0001-f01","v4","","","","72.5 ;; 98.6 ;; -4.2","shape","number","quantity","measurement","measurement","{{ [range:-Inf,Inf][dec:.n] }}","{{ none }}","72.5 ;; 98.6 ;; -4.2","{{ default:numeric }}","{{ [strip:^0-9.-][range:-Inf,Inf][dec:.n] }}","{{ [range:-Inf,Inf][dec:.n] }}","unit-specific (kg;;m;;C;;L)","A measured value on a unit scale.","A continuous measurement; unit kept in dd_data_unit.","unit declared ;; plausible range ;; precision","double","no"
"n0002","n0002-f01","NUM-QUA-n0002-f01","v4","","","","0 ;; 1 ;; 42.00","shape","number","quantity","count","count","{{ [range:0,Inf][dec:.0] }}","{{ as_integer }}","{{ as_integer }} 0 ;; 1 ;; 42","{{ as_integer }}","{{ [strip:^0-9.-][range:-Inf,Inf][dec:.n] }}","{{ [range:-Inf,Inf][dec:.n] }}","","A count of things.","A non-negative whole tally. Range [0,Inf] with .0 precision (integer).","whole number ;; >= 0","integer","no"
"n0003","n0003-f01","NUM-QUA-n0003-f01","v4","","","","12.4 ;; 0.03","shape","number","quantity","rate","rate","{{ [range:0,Inf][dec:.n] }}","{{ none }}","12.4 ;; 0.03","{{ default:numeric }}","{{ [strip:^0-9.-][range:-Inf,Inf][dec:.n] }}","{{ [range:-Inf,Inf][dec:.n] }}","per capita;;per 1,000;;per year","An amount per unit of exposure or time.","A quantity normalized by a denominator or period.","denominator & period declared ;; nonnegative where applicable","double","no"
"n0004","n0004-f01","NUM-QUA-n0004-f01","v4","","","","1.5 ;; 0.75","shape","number","quantity","ratio","ratio","{{ [range:0,Inf][dec:.n] }}","{{ none }}","1.5 ;; 0.75","{{ default:numeric }}","{{ [strip:^0-9.-][range:-Inf,Inf][dec:.n] }}","{{ [range:-Inf,Inf][dec:.n] }}","numerator/denominator","A ratio of two quantities.","Numerator over denominator; denominator nonzero.","denominator nonzero ;; parsing convention declared","double","no"
"n0005","n0005-f01","NUM-QUA-n0005-f01","v4","","","","3.5 ;; 120","shape","number","quantity","duration","duration","{{ [range:0,Inf][dec:.n] }}","{{ none }}","3.5 ;; 120","{{ default:numeric }}","{{ [strip:^0-9.-][range:-Inf,Inf][dec:.n] }}","{{ [range:-Inf,Inf][dec:.n] }}","seconds;;minutes;;hours;;days;;years","An elapsed amount of time as a number.","A length of time as a numeric magnitude; unit in dd_data_unit.","unit declared ;; nonnegative where applicable","double","no"
"n0006","n0006-f01","NUM-QUA-n0006-f01","v4","","","","85 ;; 4.5","shape","number","quantity","score","score","{{ [range:0,Inf][dec:.n] }}","{{ none }}","85 ;; 4.5","{{ default:numeric }}","{{ [strip:^0-9.-][range:-Inf,Inf][dec:.n] }}","{{ [range:-Inf,Inf][dec:.n] }}","scale points","A score on a defined scale.","Points on an instrument or test.","allowed range ;; permitted increments ;; scale direction","double","no"
"n0007","n0007-f01","NUM-QUA-n0007-f01","v4","","","","100 ;; 118.2","shape","number","quantity","index","index","{{ [range:-Inf,Inf][dec:.n] }}","{{ none }}","100 ;; 118.2","{{ default:numeric }}","{{ [strip:^0-9.-][range:-Inf,Inf][dec:.n] }}","{{ [range:-Inf,Inf][dec:.n] }}","index-specific scale","A constructed index relative to a base.","A composite indicator with a documented base period.","base-period & directionality documented ;; expected range","double","no"
"n0008","n0008-f01","NUM-QUA-n0008-f01","v4","","","","1 ;; 2.5 ;; 17","shape","number","quantity","rank","rank","{{ [range:1,Inf][dec:.0] }}","{{ as_rank }}","{{ as_rank }} 1 ;; 2 ;; 17","{{ as_integer }}","{{ [strip:^0-9.-][range:-Inf,Inf][dec:.n] }}","{{ [range:-Inf,Inf][dec:.n] }}","rank position","An ordinal rank position.","Integer position within an ordering.","positive integer ;; bounded by group size","integer","no"
"n0009","n0009-f01","NUM-CUR-n0009-f01","v4","","","","2300.00 ;; 1,234 ;; -45.10","mask","number","currency","balance","balance","{{ [range:-Inf,Inf][dec:.2] }}","{{ as_currency }}","{{ as_currency }} 2300.00 ;; 1234.00 ;; -45.10","{{ default:numeric }}","{{ [strip:^0-9.-][range:-Inf,Inf][dec:.n] }}","{{ [strip:^0-9.-][range:-Inf,Inf][dec:.2] }}","USD","A signed account balance.","A monetary balance that may be negative.","sign allowed ;; accounting reconciliation","double","no"
"n0010","n0010-f01","NUM-CUR-n0010-f01","v4","","","","$-45 ;; $2300.00 ;; 17,298$","mask","number","currency","usd","usd","{{ [strip:$,][range:-Inf,Inf][dec:.2] }}","{{ as_usd }}","{{ as_usd }} -45.00 ;; 2300.00 ;; 17298.00","{{ default:numeric }}","{{ [strip:^0-9.-][range:-Inf,Inf][dec:.n] }}","{{ [strip:^0-9.-][range:-Inf,Inf][dec:.2] }}","USD","A US-dollar amount.","Dollar money; symbol and grouping stripped to a number.","sign allowed ;; accounting reconciliation","double","no"
"n0011","n0011-f01","NUM-CUR-n0011-f01","v4","","","","2300,00€ ;; € 17.298 ;; -45€","mask","number","currency","euro","euro","{{ [strip:€.][range:-Inf,Inf][dec:,2] }}","{{ as_euro }}","{{ as_euro }} 2300.00 ;; 17298.00 ;; -45.00","{{ default:numeric }}","{{ [strip:^0-9.-][range:-Inf,Inf][dec:.n] }}","{{ [strip:^0-9.-][range:-Inf,Inf][dec:.2] }}","EUR","A euro amount (European format).","Euro money, dot-thousands / comma-decimal; symbol and grouping stripped.","sign allowed ;; accounting reconciliation","double","no"
"n0012","n0012-f01","NUM-POR-n0012-f01","v4","","","","0.05 ;; 0.5","shape","number","portion","probability","probability","{{ [range:0,1][dec:.n] }}","{{ none }}","0.05 ;; 0.5","{{ default:numeric }}","{{ [strip:^0-9.-][range:-Inf,Inf][dec:.n] }}","{{ [strip:%][range:0,Inf][dec:.n] }}","","A probability (0-1).","A likelihood bounded to the unit interval.","min 0 ;; max 1","double","no"
"n0013","n0013-f01","NUM-POR-n0013-f01","v4","","","","1:5 ;; 8:7","shape","number","portion","odds","odds","{{ odds_ratio }}","{{ as_probability }}","0.1667 ;; 0.5333","{{ default:numeric }}","{{ [strip:^0-9.-][range:-Inf,Inf][dec:.n] }}","{{ [strip:%][range:0,Inf][dec:.n] }}","","Odds expressed as a ratio.","Favorable:unfavorable; as_probability converts to 0-1.","two nonnegative parts ;; converts to 0-1","double","no"
"n0014","n0014-f01","NUM-POR-n0014-f01","v4","","","","40 ;; 12.5 ;; 40%","shape","number","portion","percent","percent","{{ [strip:%][range:0,100][dec:.n] }}","{{ as_percent }}","{{ as_percent }} 40 ;; 12.5 ;; 40","{{ default:numeric }}","{{ [strip:^0-9.-][range:-Inf,Inf][dec:.n] }}","{{ [strip:%][range:0,Inf][dec:.n] }}","","A percentage (0-100).","A proportion on a 0-100 scale; as_percent strips a trailing %.","min 0 ;; max 100","double","no"
"n0015","n0015-f01","NUM-POR-n0015-f01","v4","","","","90 ;; 50 ;; 99th","shape","number","portion","percentile","percentile","{{ [strip:^0-9.][range:0,100][dec:.0] }}","{{ as_number }}","90 ;; 50 ;; 99","{{ default:numeric }}","{{ [strip:^0-9.-][range:-Inf,Inf][dec:.n] }}","{{ [strip:%][range:0,Inf][dec:.n] }}","percentile 0-100","A percentile position (0-100).","Rank against a reference population; strips ordinal suffixes.","min 0 ;; max 100 ;; population declared","double","no"
"n0016","n0016-f01","NUM-RAN-n0016-f01","v4","","","","1.2, 3.4","mask","number","range","min_max","comma_pair","{{ lo,hi }}","{{ as_range }}","{{ split:[_lo][_hi] }}","{{ default:numeric }}","{{ [strip:^0-9.-][range:-Inf,Inf][dec:.n] }}","{{ [range:-Inf,Inf][dec:.n][split:^0-9.] }}","same unit as estimate","A low-high numeric pair.","Two numeric bounds in one field; split into _lo and _hi.","lower <= upper ;; unit consistency","character","no"
"n0016","n0016-f02","NUM-RAN-n0016-f02","v4","","","","20 to 10","mask","number","range","min_max","to_range","{{ hi to lo }}","{{ as_range }}","{{ split:[_lo][_hi] }}","{{ default:numeric }}","{{ [strip:^0-9.-][range:-Inf,Inf][dec:.n] }}","{{ [range:-Inf,Inf][dec:.n][split:^0-9.] }}","same unit as estimate","A high-low numeric pair.","Reversed-order pair; as_range normalizes to _lo/_hi.","lower <= upper after normalize","character","no"
"n0017","n0017-f01","NUM-RAN-n0017-f01","v4","","","","[1.2, 3.4]","mask","number","range","confidence_interval","confidence_interval","{{ [lo,hi] }}","{{ as_range }}","{{ split:[_lo][_hi] }}","{{ default:numeric }}","{{ [strip:^0-9.-][range:-Inf,Inf][dec:.n] }}","{{ [range:-Inf,Inf][dec:.n][split:^0-9.] }}","same unit as estimate","A confidence interval.","A low-high interval around an estimate, with a confidence level.","confidence level declared","character","no"
"n0018","n0018-f01","NUM-COO-n0018-f01","v4","","","","40° 44' 55"" N, 74° 00' 22"" W","mask","number","coordinate","lat_lon","dms","{{ gcs:dms:latlon }}","{{ as_coord[from:gcs:dms][order:latlon] }}","{{ split:[epsg:4326_lat=40.7128][epsg:4326_lon=-74.006] }}","{{ default:numeric }}","{{ [strip:^0-9.-][range:-Inf,Inf][dec:.n] }}","{{ [strip:^0-9.-][range:-Inf,Inf][dec:.n] }}","EPSG:4326","A lat/lon pair in degrees-minutes-seconds.","Sexagesimal pair, lat first; as_coord reprojects to WGS84 decimal degrees and splits.","valid dms ;; within CRS bounds","double","no"
"n0018","n0018-f02","NUM-COO-n0018-f02","v4","","","","-33.2932","mask","number","coordinate","lat_lon","iso6709","{{ iso:6709:latlon }}","{{ as_coord[from:iso:6709][order:latlon] }}","{{ split:[epsg:4326_lat=40.7128][epsg:4326_lon=-74.006] }}","{{ default:numeric }}","{{ [strip:^0-9.-][range:-Inf,Inf][dec:.n] }}","{{ [strip:^0-9.-][range:-Inf,Inf][dec:.n] }}","EPSG:4326","A lat/lon pair in ISO 6709.","Compact signed-decimal pair; reprojected and split.","valid iso6709 ;; within CRS bounds","double","no"
"n0019","n0019-f01","NUM-COO-n0019-f01","v4","","","","74° 00' 22"" W, 40° 44' 55"" N","mask","number","coordinate","lon_lat","lon_lat","{{ gcs:dms:lonlat }}","{{ as_coord[from:gcs:dms][order:lonlat] }}","{{ split:[epsg:4326_lat=40.7128][epsg:4326_lon=-74.006] }}","{{ default:numeric }}","{{ [strip:^0-9.-][range:-Inf,Inf][dec:.n] }}","{{ [strip:^0-9.-][range:-Inf,Inf][dec:.n] }}","EPSG:4326","A lon/lat pair in degrees-minutes-seconds.","Sexagesimal pair, lon first (GeoJSON order); reprojected and split.","valid dms ;; within CRS bounds","double","no"
"n0020","n0020-f01","NUM-COO-n0020-f01","v4","","","","34.0522","mask","number","coordinate","lat","lat","{{ epsg:4326:lat }}","{{ as_coord[from:epsg:4326][axis:lat] }}","34.0522","{{ default:numeric }}","{{ [strip:^0-9.-][range:-Inf,Inf][dec:.n] }}","{{ [strip:^0-9.-][range:-Inf,Inf][dec:.n] }}","EPSG:4326","A latitude.","Decimal-degree latitude (WGS84 by default).","in range -90..90","double","no"
"n0021","n0021-f01","NUM-COO-n0021-f01","v4","","","","-118.2437","mask","number","coordinate","lon","lon","{{ epsg:4326:lon }}","{{ as_coord[from:epsg:4326][axis:lon] }}","-118.2437","{{ default:numeric }}","{{ [strip:^0-9.-][range:-Inf,Inf][dec:.n] }}","{{ [strip:^0-9.-][range:-Inf,Inf][dec:.n] }}","EPSG:4326","A longitude.","Decimal-degree longitude (WGS84 by default).","in range -180..180","double","no"
"n0022","n0022-f01","TXT-TEX-n0022-f01","v4","","","","40% ;; 02168 ;; (605) 348-9999 ;; www.usa.com","none","text","text","literal","literal","{{ literal }}","{{ none }}","40% ;; 02168 ;; (605) 348-9999 ;; www.usa.com","{{ as_text }}","{{ none }}","{{ none }}","","Preserve raw data as-is.","The literal class imports raw data as text to protect original values; no formatting or cleaning, whatever the value looks like.","none","character","yes"
"n0023","n0023-f01","TXT-TEX-n0023-f01","v4","","","","North wing ;; Draft","none","text","text","label","label","{{ none }}","{{ none }}","North wing ;; Draft","{{ default:character }}","{{ none }}","{{ none }}","","A short human label.","A brief descriptive label (not a controlled category).","normalize case","character","no"
"n0024","n0024-f01","TXT-TEX-n0024-f01","v4","","","","Annual Report 2019","none","text","text","title","title","{{ none }}","{{ none }}","Annual Report 2019","{{ default:character }}","{{ none }}","{{ none }}","","A title or heading.","A work or section title.","normalize capitalization ;; max length","character","no"
"n0025","n0025-f01","TXT-TEX-n0025-f01","v4","","","","The organization was founded in...","none","text","text","long","long","{{ none }}","{{ none }}","The organization was founded in...","{{ default:character }}","{{ none }}","{{ none }}","","Long free text.","Multi-sentence notes or descriptions.","preserve line breaks ;; flag control characters","character","no"
"n0026","n0026-f01","TXT-TEX-n0026-f01","v4","","","","{a:1} ;; a|b|c","none","text","text","serialized","serialized","{{ json ;; xml ;; delimited }}","{{ as_serial[delim::] }}","c(""a"",""1"") ;; c(""a"",""b"",""c"")","{{ as_list ;; as_string }}","{{ none }}","{{ none }}","","Serialized text (JSON/XML/delimited).","Structured data carried as a string; promote to structured if parsed.","valid syntax","character","no"
"n0027","n0027-f01","TXT-NAM-n0027-f01","v6","","","","James ;; Mary","lexicon","text","name","person","first_name","{{ lexicon:given_name }}","lookup:given","given_name","{{ default:character }}","{{ none }}","{{ plain }}","","A person's name.","An individual's name; format notes the ordering convention.","flag digits","character","no"
"n0027","n0027-f02","TXT-NAM-n0027-f02","v6","","","","Smith ;; Garcia","lexicon","text","name","person","last_name","{{ lexicon:surname }}","lookup:surname","surname","{{ default:character }}","{{ none }}","{{ plain }}","","A person's name.","An individual's name; format notes the ordering convention.","flag digits","character","no"
"n0027","n0027-f03","TXT-NAM-n0027-f03","v6","","","","Jane Doe ;; Doe, Jane","mask+lexicon","text","name","person","full_name","{{ First Last ;; Last, First }}","split+order","first_last","{{ default:character }}","{{ none }}","{{ plain }}","","A person's name.","An individual's name; format notes the ordering convention.","flag digits","character","no"
"n0028","n0028-f01","TXT-NAM-n0028-f01","v4","","","","AMERICAN LEGION ;; ROTARY INTERNATIONAL","lexicon","text","name","organization","organization","{{ plain }}","{{ none }}","AMERICAN LEGION ;; ROTARY INTERNATIONAL","{{ default:character }}","{{ none }}","{{ plain }}","","An organization's name.","A legal or organization name.","normalize suffixes (Inc;;LLC)","character","yes"
"n0029","n0029-f01","TXT-NAM-n0029-f01","v4","","","","Springfield ;; Cook County","lexicon","text","name","place","place","{{ plain }}","{{ none }}","Springfield ;; Cook County","{{ default:character }}","{{ none }}","{{ plain }}","","A place / geographic name.","A named place as free text (a geographic code is categorical.geographic).","reference-list lookup where categorical","character","no"
"n0030","n0030-f01","TXT-NAM-n0030-f01","v4","","","","@JaneDoe ;; janedoe","lexicon","text","name","handle","handle","{{ handle:twitter }}","{{ as_handle }}","janedoe ;; janedoe","{{ default:character }}","{{ none }}","{{ plain }}","","A social / user handle.","An account handle; promote to identifier when it keys the account. Platform in the token; @ stripped, lowercased.","platform charset & length","character","no"
"n0031","n0031-f01","TXT-POS-n0031-f01","v4","","","","5101 MONUMENT AVE","mask+lexicon","text","postal","street","street","{{ plain }}","{{ none }}","5101 MONUMENT AVE","{{ default:character }}","{{ none }}","{{ plain }}","","A street address line.","The street line of a physical address.","street-suffix normalization","character","yes"
"n0032","n0032-f01","TXT-POS-n0032-f01","v4","","","","PO BOX 7002","mask+lexicon","text","postal","po_box","po_box","{{ plain }}","{{ none }}","PO BOX 7002","{{ default:character }}","{{ none }}","{{ plain }}","","A PO box.","A post-office box address.","box-number present","character","yes"
"n0033","n0033-f01","TXT-POS-n0033-f01","v4","","","","4 COURT SQUARE, RICHMOND VA 23219","mask+lexicon","text","postal","full","full","{{ plain }}","{{ none }}","4 COURT SQUARE, RICHMOND VA 23219","{{ default:character }}","{{ none }}","{{ plain }}","","A full postal address.","A complete one-line mailing address.","min component presence ;; postal-code consistency","character","yes"
"n0034","n0034-f01","TXT-WEB-n0034-f01","v4","","","","www.pets.com ;; http://pets.com","mask","text","web","url","url","{{ url }}","{{ as_url }}","https://www.pets.com ;; https://pets.com","{{ default:character }}","{{ none }}","{{ url ;; domain ;; ipv4 ;; mac }}","","A URL.","A web address; as_url adds scheme, lowercases host, normalizes www, drops trailing slash.","valid URI syntax ;; allowed schemes","character","yes"
"n0035","n0035-f01","TXT-WEB-n0035-f01","v4","","","","Pets.com ;; www.example.org","mask","text","web","domain","domain","{{ domain }}","{{ as_url }}","pets.com ;; www.example.org","{{ default:character }}","{{ none }}","{{ url ;; domain ;; ipv4 ;; mac }}","","A domain / hostname.","A bare host name without scheme or path.","valid hostname ;; lowercase","character","no"
"n0036","n0036-f01","TXT-WEB-n0036-f01","v4","","","","192.168.0.1 ;; ::1","mask","text","web","ip","ip","{{ ipv4 ;; ipv6 }}","{{ none }}","192.168.0.1 ;; ::1","{{ default:character }}","{{ none }}","{{ url ;; domain ;; ipv4 ;; mac }}","","An IP address.","An IPv4 or IPv6 network address.","valid address pattern ;; canonical form","character","yes"
"n0037","n0037-f01","TXT-WEB-n0037-f01","v4","","","","01:23:45:67:89:ab","mask","text","web","mac","mac","{{ mac }}","{{ none }}","01:23:45:67:89:ab","{{ default:character }}","{{ none }}","{{ url ;; domain ;; ipv4 ;; mac }}","","A MAC address.","A hardware MAC address.","valid MAC pattern ;; canonical form","character","yes"
"n0038","n0038-f01","TXT-CON-n0038-f01","v4","","","","Jane@Example.ORG","mask","text","contact","email","email","{{ email }}","{{ as_email }}","jane@example.org","{{ default:character }}","{{ none }}","{{ email ;; E.164 }}","","An email address.","An RFC-style email address; as_email lowercases the domain.","email pattern ;; lowercase domain","character","yes"
"n0039","n0039-f01","TXT-CON-n0039-f01","v4","","","","(605) 348-9999 ;; +44 20 7946 0958","mask","text","contact","phone","phone","{{ national ;; E.164 }}","{{ as_phone }}","+16053489999 ;; +442079460958","{{ default:character }}","{{ none }}","{{ email ;; E.164 }}","","A phone number.","A telephone number; as_phone normalizes to E.164.","valid phone pattern ;; country-code consistency","character","yes"
"n0040","n0040-f01","TXT-COR-n0040-f01","v4","","","","#1A2B3C ;; 1a2b3c","mask","text","color","hex","hex","{{ hex }}","{{ as_hex }}","#1A2B3C ;; #1A2B3C","{{ default:character }}","{{ none }}","{{ hex ;; rgb ;; hsl ;; cmyk }}","","A hex color.","A #RRGGBB color; as_hex adds # and uppercases.","valid hex ;; 3 or 6 digits","character","yes"
"n0041","n0041-f01","TXT-COR-n0041-f01","v4","","","","rgb(255,0,0)","mask","text","color","rgb","rgb","{{ rgb }}","{{ none }}","rgb(255,0,0)","{{ default:character }}","{{ none }}","{{ hex ;; rgb ;; hsl ;; cmyk }}","","An RGB triple.","Red-green-blue channels 0-255.","channel range 0-255","character","yes"
"n0042","n0042-f01","TXT-COR-n0042-f01","v4","","","","hsl(0,100%,50%)","mask","text","color","hsl","hsl","{{ hsl }}","{{ none }}","hsl(0,100%,50%)","{{ default:character }}","{{ none }}","{{ hex ;; rgb ;; hsl ;; cmyk }}","","An HSL triple.","Hue-saturation-lightness.","valid hsl ranges","character","yes"
"n0043","n0043-f01","TXT-COR-n0043-f01","v4","","","","cmyk(0,1,1,0)","mask","text","color","cmyk","cmyk","{{ cmyk }}","{{ none }}","cmyk(0,1,1,0)","{{ default:character }}","{{ none }}","{{ hex ;; rgb ;; hsl ;; cmyk }}","","A CMYK quadruple.","Cyan-magenta-yellow-key 0-1.","channel range 0-1","character","yes"
"n0044","n0044-f01","CAT-MUT-n0044-f01","v4","","","","M ;; F ;; F","none","categorical","mutually_exclusive","unordered","unordered","{{ code }}","{{ as_factor }}","M ;; F ;; F","{{ as_factor }}","{{ code ;; label }}","{{ code ;; label ;; code=label }}","","An unordered (nominal) category.","Levels with no meaningful order; labels held in dd_f_levels.","allowed levels ;; unexpected-level check","factor","yes"
"n0045","n0045-f01","CAT-MUT-n0045-f01","v4","","","","1 ;; 2 ;; 3","none","categorical","mutually_exclusive","ordered","ordered","{{ code }}","{{ as_ordered }}","1 ;; 2 ;; 3","{{ as_ordered }}","{{ code ;; label }}","{{ code ;; label ;; code=label }}","","An ordered (ordinal) category without intervals.","Order carried by the order field in dd_f_levels.","order declared ;; monotonic coding","ordered factor","yes"
"n0046","n0046-f01","CAT-MUT-n0046-f01","v6","","","","France ;; FR","lexicon","categorical","mutually_exclusive","geographic","iso_country","{{ lexicon:iso3166 }}","lookup:iso3166","iso3166_alpha2","{{ as_factor }}","{{ code ;; label }}","{{ code ;; label ;; code=label }}","geographic level","A geographic grouping.","A geography used as a grouping variable; format defers to geographic tokens. Promoted to identifier.id.geographic when near-unique.","reference-list lookup ;; hierarchy consistency","factor","yes"
"n0046","n0046-f02","CAT-MUT-n0046-f02","v6","","","","California ;; CA","lexicon","categorical","mutually_exclusive","geographic","us_state","{{ lexicon:usps_state }}","lookup:usps","usps_state","{{ as_factor }}","{{ code ;; label }}","{{ code ;; label ;; code=label }}","geographic level","A geographic grouping.","A geography used as a grouping variable; format defers to geographic tokens. Promoted to identifier.id.geographic when near-unique.","reference-list lookup ;; hierarchy consistency","factor","yes"
"n0046","n0046-f03","CAT-MUT-n0046-f03","v6","","","","Chicago ;; Boston","lexicon","categorical","mutually_exclusive","geographic","us_city","{{ lexicon:us_city }}","lookup:place","place_name","{{ as_factor }}","{{ code ;; label }}","{{ code ;; label ;; code=label }}","geographic level","A geographic grouping.","A geography used as a grouping variable; format defers to geographic tokens. Promoted to identifier.id.geographic when near-unique.","reference-list lookup ;; hierarchy consistency","factor","yes"
"n0046","n0046-f04","CAT-MUT-n0046-f04","v6","","","","06037 ;; 6037","mask+lexicon","categorical","mutually_exclusive","geographic","county_fips","{{ mask:fips5 + lexicon:fips }}","zeropad5+validate","fips5","{{ as_factor }}","{{ code ;; label }}","{{ code ;; label ;; code=label }}","geographic level","A geographic grouping.","A geography used as a grouping variable; format defers to geographic tokens. Promoted to identifier.id.geographic when near-unique.","reference-list lookup ;; hierarchy consistency","factor","yes"
"n0047","n0047-f01","CAT-MUT-n0047-f01","v4","","","","5417 ;; 541511","mask+lexicon","categorical","mutually_exclusive","classification_code","classification_code","{{ class:naics }}","{{ as_factor }}","5417 ;; 541511","{{ as_factor }}","{{ code ;; label }}","{{ code ;; label ;; code=label }}","classification system & level","A classification-system code.","A code from a standard classification (NAICS, ICD); format = class:<system>.","valid code & vintage ;; parent-child consistency","factor","yes"
"n0048","n0048-f01","CAT-MUT-n0048-f01","v4","","","","Refused ;; N/A","none","categorical","mutually_exclusive","missingness_reason","missingness_reason","{{ label }}","{{ as_factor }}","Refused ;; Not applicable","{{ as_factor }}","{{ code ;; label }}","{{ code ;; label ;; code=label }}","missingness categories","A reason-for-missing code.","Categories explaining why a value is missing; kept separate from substantive values.","mutually exclusive ;; separate from substantive values","factor","no"
"n0049","n0049-f01","CAT-MUL-n0049-f01","v4","","","","Volunteer;Donor;Board","none","categorical","multiselect","tags","tags","{{ label [delim:;] }}","{{ none }}","Volunteer;Donor;Board","{{ as_list }}","{{ code ;; label }}","{{ label [delim:;] }}","","Zero or more levels per record.","A delimited set of members; member encoding plus [delim:x].","allowed member values ;; no duplicate members","list","no"
"n0050","n0050-f01","CAT-SCA-n0050-f01","v4","","","","1=Strongly disagree ;; 5=Strongly agree","none","categorical","scale","likert","likert","{{ code=label }}","{{ as_ordered }}","{{ as_ordered }} 1 ;; 5","{{ as_ordered }}","{{ code ;; label }}","{{ code ;; code=label }}","ordered response scale","A Likert agreement scale.","Symmetric agree-disagree scale; code split from label into dd_f_levels with order.","symmetric scale ;; reverse-coded items documented","ordered factor","no"
"n0051","n0051-f01","CAT-SCA-n0051-f01","v4","","","","4 ;; 5","none","categorical","scale","rating","rating","{{ code }}","{{ as_ordered }}","4 ;; 5","{{ as_ordered }}","{{ code ;; label }}","{{ code ;; code=label }}","ordered scale (1-5;;1-10)","A rating scale.","A bounded rating (stars, 1-10).","min & max ;; permitted increments","ordered factor","no"
"n0052","n0052-f01","CAT-SCA-n0052-f01","v4","","","","1 ;; 2 ;; 3","none","categorical","scale","ranking","ranking","{{ code }}","{{ as_integer }}","1 ;; 2 ;; 3","{{ as_integer }}","{{ code ;; label }}","{{ code ;; code=label }}","rank position","A ranking of options.","An ordering of choices by preference.","unique ranks where required ;; bounded by option count","integer","no"
"n0053","n0053-f01","CAT-SCA-n0053-f01","v4","","","","K ;; 12","none","categorical","scale","grade_level","grade_level","{{ code }}","{{ as_ordered }}","K ;; 12","{{ as_ordered }}","{{ code ;; label }}","{{ code ;; code=label }}","ordered levels (K-12)","An education grade level.","School grade (K-12); ordered with roughly interval spacing.","bounded range","ordered factor","no"
"n0054","n0054-f01","BOO-BIN-n0054-f01","v4","","","","1 ;; 0","mask","boolean","binary","indicator","indicator","{{ 10 }}","{{ as_boolean }}","TRUE ;; FALSE","{{ default:logical }}","{{ tf|yn|10 }}","{{ tf|yn|10|check blank=na }}","","A 0/1 indicator flag.","A dummy variable marking presence of a condition.","exactly two states ;; distinguish missing from false","logical","no"
"n0055","n0055-f01","BOO-BIN-n0055-f01","v4","","","","x ;; (blank)","mask","boolean","binary","presence","presence","{{ check blank=false }}","{{ as_boolean }}","TRUE ;; FALSE","{{ default:logical }}","{{ tf|yn|10 }}","{{ tf|yn|10|check blank=na }}","","A present/absent (checkbox) flag.","A checkbox where a mark is TRUE and blank is FALSE.","missingness distinct from absence","logical","no"
"n0056","n0056-f01","BOO-BIN-n0056-f01","v4","","","","active ;; inactive","mask","boolean","binary","status","status","{{ true=[active] false=[inactive] }}","{{ as_boolean }}","TRUE ;; FALSE","{{ default:logical }}","{{ tf|yn|10 }}","{{ tf|yn|10|check blank=na }}","","An on/off status.","A two-state status via an explicit token set.","temporal consistency with status dates","logical","no"
"n0057","n0057-f01","BOO-BIN-n0057-f01","v4","","","","yes ;; no","mask","boolean","binary","response","response","{{ yn blank=na }}","{{ as_boolean }}","TRUE ;; FALSE","{{ default:logical }}","{{ tf|yn|10 }}","{{ tf|yn|10|check blank=na }}","","A yes/no survey response.","A binary survey answer; refusal/missing kept separate.","two responses ;; missing handled separately","logical","no"
"n0058","n0058-f01","BOO-BIN-n0058-f01","v4","","","","yes ;; 0 ;; t ;; x ;; (blank)","mask","boolean","binary","mixed","mixed","{{ tf|yn|10|check blank=false }}","{{ as_boolean }}","TRUE ;; FALSE ;; TRUE ;; TRUE ;; FALSE","{{ default:logical }}","{{ tf|yn|10 }}","{{ tf|yn|10|check blank=na }}","","A mixed-encoding boolean (e.g. IRS 990).","Multiple encodings in one column; presets unioned with | and blank=false.","exactly two states after normalize","logical","no"
"n0059","n0059-f01","TMP-DAT-n0059-f01","v4","","","","03/15/2019 ;; 3-15-2019","genome","temporal","date","calendar","calendar","{{ mmddyyyy }}","{{ as_mmddyyyy }}","2019-03-15 ;; 2019-03-15","{{ as_yyyymmdd }}","{{ yyyymmdd }} iso","{{ yyyymmdd ;; mmddyyyy ;; ddmmyyyy }}","","A calendar date.","A day-resolution date; stabilized to ISO yyyymmdd. Raw order/separator recorded in data_format.","valid calendar date ;; no impossible dates","Date","yes"
"n0060","n0060-f01","TMP-DAT-n0060-f01","v4","","","","3/15/2019 14:30","genome","temporal","date","timestamp","timestamp","{{ mmddyyyy hh:ii12A }}","{{ as_datetime }}","3/15/2019 14:30","{{ as_datetime }}","{{ yyyymmdd }} iso","{{ yyyymmdd ;; mmddyyyy ;; ddmmyyyy }}","datetime;;timezone","A date plus time of day.","A timestamp resolving to a moment.","timezone declared ;; DST handling","POSIXct","yes"
"n0061","n0061-f01","TMP-TIM-n0061-f01","v4","","","","2:30 PM","genome","temporal","time","clock","clock","{{ hh:ii12A }}","{{ as_clock }}","14:30","{{ as_clock }}","{{ yyyymmdd }} iso","{{ hh:ii24 ;; hh:ii12A }}","hour;;minute","A time of day (no date).","A clock time with no calendar date.","valid h/m/s ;; 12/24-hour convention","hms","yes"
"n0062","n0062-f01","TMP-PER-n0062-f01","v4","","","","FY2019 ;; 2019","mask","temporal","period","year","year","{{ FYyyyy ;; yyyy }}","{{ as_yyyy }}","2019 ;; 2019","{{ as_yyyy }}","{{ yyyymmdd }} iso","{{ yyyy ;; yyyyQq ;; yyyy-mm }}","calendar or fiscal year","A year.","A calendar or fiscal year.","valid year range ;; convention declared","integer","yes"
"n0063","n0063-f01","TMP-PER-n0063-f01","v4","","","","2019Q1","mask","temporal","period","quarter","quarter","{{ yyyyQq }}","{{ as_quarter }}","2019-Q1","{{ as_quarter }}","{{ yyyymmdd }} iso","{{ yyyy ;; yyyyQq ;; yyyy-mm }}","calendar or fiscal quarter","A quarter.","A calendar or fiscal quarter.","valid quarter ;; convention declared","yearqtr","no"
"n0064","n0064-f01","TMP-PER-n0064-f01","v4","","","","201903 ;; Mar 2019","mask","temporal","period","month","month","{{ yyyymm ;; Myyyy }}","{{ as_yyyymm }}","2019-03","{{ as_yyyymm }}","{{ yyyymmdd }} iso","{{ yyyy ;; yyyyQq ;; yyyy-mm }}","calendar month","A calendar month.","A year-month period; drives the monthly calendar graphic.","valid month ;; parsing convention declared","yearmon","yes"
"n0065","n0065-f01","TMP-PER-n0065-f01","v4","","","","2019-07-01 to 2020-06-30","mask","temporal","period","reporting_period","reporting_period","{{ range }}","{{ as_range }}","{{ split:[_start][_end] }}","{{ as_yyyymmdd }}","{{ yyyymmdd }} iso","{{ yyyy ;; yyyyQq ;; yyyy-mm }}","fiscal or reporting period","A reporting period.","A fiscal or reporting window; split into _start and _end.","start <= end ;; overlap & gap checks","character","no"
"n0066","n0066-f01","TMP-PHA-n0066-f01","v4","","","","23","mask","temporal","phase","hour_of_day","hour_of_day","{{ hh24 }}","{{ as_integer }}","23","{{ as_integer }}","{{ yyyymmdd }} iso","{{ plain }}","hour position 0-23","An hour of the day.","Recurring hour position 0-23.","in range 0-23","integer","no"
"n0067","n0067-f01","TMP-PHA-n0067-f01","v4","","","","Mon","lexicon","temporal","phase","day_of_week","day_of_week","{{ WWW }}","{{ as_ordered }}","1","{{ as_ordered }}","{{ yyyymmdd }} iso","{{ plain }}","weekday position","A day of the week.","Stabilized to numeric 1-7 (week-start declared); name label in dd_f_levels. Drives the day-of-week graphic.","valid weekday ;; week-start convention","ordered factor","no"
"n0068","n0068-f01","TMP-PHA-n0068-f01","v4","","","","Mar","lexicon","temporal","phase","month_of_year","month_of_year","{{ MMM }}","{{ as_ordered }}","3","{{ as_ordered }}","{{ yyyymmdd }} iso","{{ plain }}","month position 1-12","A month of the year.","Stabilized to numeric 1-12 (Jan-Dec); name label in dd_f_levels. Not tied to a year.","in range 1-12","ordered factor","no"
"n0069","n0069-f01","TMP-PHA-n0069-f01","v4","","","","12","mask","temporal","phase","week_of_year","week_of_year","{{ ww }}","{{ as_integer }}","12","{{ as_integer }}","{{ yyyymmdd }} iso","{{ plain }}","week position 1-53","A week of the year.","Recurring ISO/US week number 1-53.","in range 1-53 ;; week-numbering convention","integer","no"
"n0070","n0070-f01","TMP-INT-n0070-f01","v4","","","","2019-01-01 to 2019-12-31","mask","temporal","interval","date_range","date_range","{{ range }}","{{ as_range }}","{{ split:[_start][_end] }}","{{ as_yyyymmdd }}","{{ yyyymmdd }} iso","{{ range }}","date interval","A date range.","A start and end calendar date; split into _start and _end.","two valid dates ;; start <= end","character","yes"
"n0071","n0071-f01","IDN-KEY-n0071-f01","v4","","","","550e8400-e29b-41d4-a716-446655440000","mask","identifier","id","record","record","{{ hash:uuid }}","{{ none }}","550e8400-e29b-41d4-a716-446655440000","{{ as_id }}","{{ 9(n) ;; X(n) }}","{{ 9(n) ;; A(n)9(n) }}","","A record / row key.","A per-row primary key (serial, UUID, slug).","unique ;; non-missing","character","yes"
"n0072","n0072-f01","IDN-KEY-n0072-f01","v4","","","","ENSG00000139618 ;; ORG-001","mask","identifier","id","entity","entity","{{ bio:ensembl ;; A(n)9(n) }}","{{ none }}","ENSG00000139618 ;; ORG-001","{{ as_id }}","{{ 9(n) ;; X(n) }}","{{ 9(n) ;; A(n)9(n) }}","","An entity identifier.","Names a real-world entity (accession, ORG-001, gene/protein IDs).","unique within entity domain ;; stable over time","character","yes"
"n0073","n0073-f01","IDN-KEY-n0073-f01","v6","","","administrative split into id-family recipes","12-3456789 ;; 01-2345678","mask","identifier","id","administrative","ein","{{ gov:ein }}","{{ as_ein }}","12-3456789","{{ as_id }}","{{ 9(n) ;; X(n) }}","{{ 9(n) ;; A(n)9(n) }}","","An administrative / registry ID.","A government/registry ID; as_ein restores the dropped leading zero and delimiter (the hyphen hardens it).","domain pattern ;; checksum where available ;; preserve leading zeros","character","yes"
"n0073","n0073-f02","IDN-KEY-n0073-f02","v6","","","administrative split into id-family recipes","isbn 0062049879 ;; 978-0-14-044806-1 ;; 4-04-924701-1","mask","identifier","id","administrative","isbn","{{ id:isbn }}","{{ as_isbn }}","9780140448061","{{ as_id }}","{{ 9(n) ;; X(n) }}","{{ 9(n) ;; A(n)9(n) }}","","An administrative / registry ID.","A government/registry ID; as_ein restores the dropped leading zero and delimiter (the hyphen hardens it).","domain pattern ;; checksum where available ;; preserve leading zeros","character","yes"
"n0073","n0073-f03","IDN-KEY-n0073-f03","v6","","","administrative split into id-family recipes","10.1000/xyz123 ;; doi:10.1038/nature12373","mask","identifier","id","administrative","doi","{{ id:doi }}","{{ as_doi }}","10.1000/xyz123","{{ as_id }}","{{ 9(n) ;; X(n) }}","{{ 9(n) ;; A(n)9(n) }}","","An administrative / registry ID.","A government/registry ID; as_ein restores the dropped leading zero and delimiter (the hyphen hardens it).","domain pattern ;; checksum where available ;; preserve leading zeros","character","yes"
"n0073","n0073-f04","IDN-KEY-n0073-f04","v6","","","administrative split into id-family recipes","0000-0002-1825-0097","mask","identifier","id","administrative","orcid","{{ id:orcid }}","{{ as_orcid }}","0000-0002-1825-0097","{{ as_id }}","{{ 9(n) ;; X(n) }}","{{ 9(n) ;; A(n)9(n) }}","","An administrative / registry ID.","A government/registry ID; as_ein restores the dropped leading zero and delimiter (the hyphen hardens it).","domain pattern ;; checksum where available ;; preserve leading zeros","character","yes"
"n0073","n0073-f05","IDN-KEY-n0073-f05","v6","","","administrative split into id-family recipes","2049-3630 ;; 0028-0836","mask","identifier","id","administrative","issn","{{ id:issn }}","{{ as_issn }}","2049-3630","{{ as_id }}","{{ 9(n) ;; X(n) }}","{{ 9(n) ;; A(n)9(n) }}","","An administrative / registry ID.","A government/registry ID; as_ein restores the dropped leading zero and delimiter (the hyphen hardens it).","domain pattern ;; checksum where available ;; preserve leading zeros","character","yes"
"n0074","n0074-f01","IDN-KEY-n0074-f01","v4","","","","6037 ;; 06037","mask+lexicon","identifier","id","geographic","geographic","{{ fips:county }}","{{ as_id[prefix:FIPS] }}","FIPS-06037 ;; FIPS-06037","{{ default:character }}","{{ 9(n) ;; X(n) }}","{{ 9(n) ;; A(n)9(n) }}","GEOID;;FIPS;;ZIP","A geographic key.","An all-numeric geo code: as_id zero-pads AND prefixes (FIPS-) so it stays character everywhere; prefix also disambiguates 5-digit FIPS from CBSA. dd_is_join_key=TRUE by default.","fixed length ;; preserve leading zeros ;; valid vintage","character","yes"
"n0075","n0075-f01","IDN-KEY-n0075-f01","v4","","","","d41d8cd98f00b204e9800998ecf8427e","mask","identifier","id","hash","hash","{{ hash:md5 }}","{{ none }}","d41d8cd98f00b204e9800998ecf8427e","{{ as_id }}","{{ 9(n) ;; X(n) }}","{{ 9(n) ;; A(n)9(n) }}","","A hash digest.","A content hash used as an identifier (MD5, SHA-256, UUID).","expected length & alphabet ;; algorithm declared","character","yes"
"n0076","n0076-f01","IDN-KEY-n0076-f01","v4","","","","1.4.0 ;; v2","mask","identifier","id","version","version","{{ 9(n).9(n).9(n) }}","{{ none }}","1.4.0 ;; v2","{{ as_id }}","{{ 9(n) ;; X(n) }}","{{ 9(n) ;; A(n)9(n) }}","","A version identifier.","A version or revision tag (semver-style).","valid version syntax ;; monotonicity where expected","character","no"
"n0077","n0077-f01","CPX-COL-n0077-f01","v4","","","","[a, b, c]","mask","structured","collection","list","list","{{ literal }}","{{ none }}","[a, b, c]","{{ as_text }}","{{ literal }}","{{ literal }}","","A list.","A variable-length collection carried in one cell.","member schema ;; cardinality limits","list","no"
"n0078","n0078-f01","CPX-COL-n0078-f01","v4","","","","[[1,2],[3,4]]","mask","structured","collection","array","array","{{ literal }}","{{ none }}","[[1,2],[3,4]]","{{ as_text }}","{{ literal }}","{{ literal }}","dimensions","An array.","A fixed-shape multi-dimensional collection.","dimension & element-type consistency","list","no"
"n0079","n0079-f01","CPX-REC-n0079-f01","v4","","","","{id:1,name:x}","mask","structured","record","object","object","{{ literal }}","{{ none }}","{id:1,name:x}","{{ as_text }}","{{ literal }}","{{ literal }}","record schema","An object.","A schema-bearing record of named fields.","required keys ;; field types","list","no"
"n0080","n0080-f01","CPX-REC-n0080-f01","v4","","","","a=1;b=2","mask","structured","record","key_value","key_value","{{ literal }}","{{ none }}","a=1;b=2","{{ as_text }}","{{ literal }}","{{ literal }}","mapping","A key-value mapping.","A dictionary; [delim:x] separates pairs, [kv:x] splits key from value.","unique keys ;; value-type rules","list","no"
"n0081","n0081-f01","CPX-GEO-n0081-f01","v4","","","","POINT(30 10)","mask","structured","geometry","point","point","{{ literal }}","{{ none }}","POINT(30 10)","{{ as_text }}","{{ literal }}","{{ literal }}","EPSG:4326","A point geometry.","A spatial point; CRS declared.","valid geometry ;; CRS declared","sfc","no"
"n0082","n0082-f01","CPX-GEO-n0082-f01","v4","","","","POLYGON((0 0,1 0,1 1,0 0))","mask","structured","geometry","polygon","polygon","{{ literal }}","{{ none }}","POLYGON((0 0,1 0,1 1,0 0))","{{ as_text }}","{{ literal }}","{{ literal }}","EPSG:4326","A polygon geometry.","A spatial polygon; CRS declared.","valid geometry ;; ring closure ;; CRS declared","sfc","no"
"n0083","n0083-f01","UNK-UNK-n0083-f01","v4","","","","12 ;; N/A ;; foo","none","unknown","unknown","mixed","mixed","{{ literal }}","{{ none }}","12 ;; N/A ;; foo","{{ as_text }}","{{ literal }}","{{ literal }}","","A column with mixed types.","Multiple value types share one column; retained as text, dominant type flagged for review.","identify dominant type ;; flag exceptions","character","no"
"n0084","n0084-f01","UNK-UNK-n0084-f01","v4","","","","2019-13-45","none","unknown","unknown","malformed","malformed","{{ literal }}","{{ none }}","2019-13-45","{{ as_text }}","{{ literal }}","{{ literal }}","","Malformed / parse-failure values.","Values that failed to parse; retained verbatim (literal) for review.","retain source text ;; log parse errors","character","no"
"n0085","n0085-f01","UNK-UNK-n0085-f01","v4","","","","???","none","unknown","unknown","unclassified","unclassified","{{ literal }}","{{ none }}","???","{{ as_text }}","{{ literal }}","{{ literal }}","","Unclassified values.","No confident type; retained as text and profiled.","retain original values ;; do not coerce","character","no"
